geo,name,1970,1971,1972,1973,1974,1975,1976,1977,1978,1979,1980,1981,1982,1983,1984,1985,1986,1987,1988,1989,1990,1991,1992,1993,1994,1995,1996,1997,1998,1999,2000,2001,2002,2003,2004,2005,2006,2007,2008,2009
afg,Afghanistan,,0.1,0.1,0.1,0.1,0.1,0.1,0.1,0.1,0.1,0.1,0.1,0.1,0.1,0.1,0.1,0.1,0.1,0.1,0.1,0.1,0.2,0.2,0.2,0.2,0.2,0.2,0.2,0.2,0.2,0.2,0.3,0.3,0.3,0.3,0.3,0.3,0.3,0.3,0.4
ago,Angola,0.5,0.5,0.5,0.5,0.6,0.6,0.6,0.7,0.7,0.7,0.8,0.8,0.8,0.9,0.9,1,1,1.1,1.1,1.2,1.2,1.3,1.3,1.4,1.5,1.5,1.6,1.7,1.8,1.8,1.9,2,2.1,2.2,2.3,2.4,2.5,2.6,2.7,2.8
alb,Albania,3.9,4,4.1,4.2,4.3,4.5,4.6,4.7,4.8,4.9,5.1,5.2,5.3,5.4,5.6,5.7,5.9,6,6.2,6.3,6.5,6.6,6.8,6.9,7.1,7.2,7.4,7.5,7.7,7.8,8,8.2,8.3,8.5,8.6,8.8,8.9,9.1,9.2,9.4
are,UAE,1.5,1.6,1.7,1.8,1.9,2,2.2,2.3,2.4,2.6,2.7,2.8,3,3.1,3.3,3.5,3.6,3.8,4,4.2,4.4,4.6,4.8,5,5.2,5.4,5.6,5.8,6,6.2,6.4,6.6,6.9,7.1,7.3,7.5,7.7,7.9,8.1,8.3
arg,Argentina,5.5,5.6,5.7,5.9,6,6.1,6.2,6.3,6.5,6.6,6.7,6.8,7,7.1,7.2,7.3,7.4,7.6,7.7,7.8,7.9,8,8.1,8.3,8.4,8.5,8.6,8.7,8.8,9,9.1,9.2,9.3,9.4,9.5,9.6,9.8,9.9,10,10.1
arm,Armenia,5.9,6,6.2,6.3,6.5,6.6,6.8,6.9,7.1,7.2,7.4,7.5,7.7,7.8,8,8.1,8.3,8.4,8.6,8.7,8.9,9,9.1,9.3,9.4,9.6,9.7,9.8,10,10.1,10.2,10.3,10.5,10.6,10.7,10.8,11,11.1,11.2,11.3
atg,Antigua and Barbuda,7,7.1,7.2,7.4,7.5,7.7,7.8,8,8.1,8.3,8.4,8.6,8.7,8.9,9.1,9.2,9.4,9.5,9.7,9.8,10,10.1,10.2,10.4,10.5,10.6,10.8,10.9,11,11.1,11.2,11.4,11.5,11.6,11.7,11.8,11.9,12,12.1,12.2
aus,Australia,8.4,8.5,8.6,8.7,8.8,8.9,9,9.1,9.2,9.3,9.4,9.5,9.6,9.6,9.7,9.8,9.9,10,10.1,10.1,10.2,10.3,10.4,10.4,10.5,10.6,10.7,10.7,10.8,10.9,10.9,11,11.1,11.1,11.2,11.3,11.3,11.4,11.4,11.5
aut,Austria,7.2,7.3,7.4,7.5,7.6,7.7,7.9,8,8.1,8.2,8.3,8.4,8.5,8.6,8.7,8.8,8.9,9,9.1,9.1,9.2,9.3,9.4,9.5,9.6,9.7,9.8,9.9,10,10.1,10.2,10.3,10.4,10.4,10.5,10.6,10.7,10.8,10.9,11
aze,Azerbaijan,4.5,4.6,4.8,5,5.1,5.3,5.5,5.7,5.8,6,6.2,6.4,6.6,6.8,7,7.2,7.4,7.6,7.8,7.9,8.1,8.3,8.5,8.7,8.9,9.1,9.2,9.4,9.6,9.8,9.9,10.1,10.2,10.4,10.6,10.7,10.9,11,11.2,11.3
bdi,Burundi,0.3,0.3,0.3,0.3,0.4,0.4,0.4,0.4,0.5,0.5,0.5,0.5,0.6,0.6,0.6,0.7,0.7,0.8,0.8,0.8,0.9,0.9,1,1,1.1,1.1,1.2,1.2,1.3,1.3,1.4,1.4,1.5,1.6,1.6,1.7,1.8,1.8,1.9,2
bel,Belgium,6.6,6.8,6.9,7.1,7.2,7.4,7.6,7.7,7.9,8,8.2,8.3,8.5,8.6,8.8,8.9,9.1,9.2,9.4,9.5,9.6,9.8,9.9,10,10.2,10.3,10.4,10.5,10.7,10.8,10.9,11,11.2,11.3,11.4,11.5,11.6,11.7,11.8,11.9
ben,Benin,0.2,0.2,0.2,0.3,0.3,0.3,0.3,0.3,0.3,0.4,0.4,0.4,0.4,0.4,0.5,0.5,0.5,0.6,0.6,0.6,0.7,0.7,0.7,0.8,0.8,0.8,0.9,0.9,1,1,1.1,1.1,1.2,1.2,1.3,1.3,1.4,1.5,1.5,1.6
bfa,Burkina Faso,0.1,0.1,0.1,0.1,0.1,0.1,0.1,0.1,0.1,0.2,0.2,0.2,0.2,0.2,0.2,0.2,0.2,0.2,0.3,0.3,0.3,0.3,0.3,0.3,0.4,0.4,0.4,0.4,0.4,0.5,0.5,0.5,0.5,0.6,0.6,0.6,0.7,0.7,0.7,0.8
bgd,Bangladesh,0.6,0.6,0.6,0.6,0.7,0.7,0.7,0.8,0.8,0.8,0.9,0.9,1,1,1,1.1,1.1,1.2,1.2,1.3,1.3,1.4,1.4,1.5,1.5,1.6,1.7,1.7,1.8,1.9,1.9,2,2.1,2.1,2.2,2.3,2.4,2.4,2.5,2.6
bgr,Bulgaria,6.3,6.5,6.7,6.8,7,7.2,7.4,7.5,7.7,7.9,8,8.2,8.4,8.5,8.7,8.8,9,9.2,9.3,9.4,9.6,9.7,9.9,10,10.1,10.3,10.4,10.6,10.7,10.8,11,11.1,11.2,11.3,11.5,11.6,11.7,11.8,11.9,12
bhr,Bahrain,1.2,1.2,1.3,1.4,1.5,1.6,1.8,1.9,2,2.1,2.3,2.4,2.6,2.7,2.9,3.1,3.2,3.4,3.6,3.8,4,4.1,4.3,4.5,4.7,4.9,5.1,5.3,5.5,5.7,5.9,6.1,6.4,6.6,6.8,7,7.2,7.4,7.6,7.8
bhs,Bahamas,6.1,6.3,6.4,6.6,6.7,6.8,7,7.1,7.2,7.3,7.5,7.6,7.7,7.8,7.9,8.1,8.2,8.3,8.4,8.5,8.6,8.7,8.9,9,9.1,9.2,9.3,9.5,9.6,9.7,9.8,9.9,10,10.2,10.3,10.4,10.5,10.6,10.7,10.8
bih,Bosnia and Herzegovina,2.2,2.2,2.3,2.4,2.5,2.6,2.7,2.7,2.8,2.9,3,3.1,3.2,3.4,3.5,3.6,3.7,3.9,4,4.2,4.3,4.5,4.6,4.8,4.9,5.1,5.3,5.4,5.6,5.8,5.9,6.1,6.3,6.4,6.6,6.8,7,7.2,7.3,7.5
blr,Belarus,6.3,6.5,6.6,6.8,6.9,7.1,7.2,7.4,7.5,7.7,7.8,8,8.1,8.3,8.4,8.6,8.8,8.9,9.1,9.2,9.4,9.5,9.7,9.8,9.9,10.1,10.2,10.3,10.5,10.6,10.7,10.8,11,11.1,11.2,11.3,11.4,11.5,11.6,11.7
blz,Belize,3.8,3.9,4,4.1,4.3,4.4,4.5,4.6,4.8,4.9,5,5.1,5.3,5.4,5.5,5.7,5.8,5.9,6,6.1,6.2,6.4,6.5,6.6,6.7,6.8,6.9,7,7.1,7.3,7.4,7.5,7.6,7.7,7.8,7.9,8,8.1,8.2,8.3
bol,Bolivia,1.7,1.8,1.9,2,2.1,2.2,2.3,2.4,2.5,2.6,2.7,2.8,2.9,3,3.2,3.3,3.4,3.5,3.7,3.8,3.9,4.1,4.2,4.3,4.5,4.6,4.8,4.9,5.1,5.2,5.3,5.5,5.7,5.8,6,6.1,6.3,6.4,6.6,6.7
bra,Brazil,2.1,2.2,2.3,2.4,2.5,2.6,2.7,2.8,2.9,3,3.1,3.2,3.3,3.5,3.6,3.7,3.8,4,4.1,4.2,4.4,4.5,4.6,4.8,4.9,5.1,5.2,5.3,5.5,5.6,5.8,5.9,6.1,6.2,6.4,6.5,6.7,6.8,7,7.2
bwa,Botswana,1.1,1.1,1.2,1.3,1.3,1.4,1.5,1.6,1.7,1.7,1.8,1.9,2,2.1,2.2,2.3,2.4,2.6,2.7,2.8,2.9,3.1,3.2,3.3,3.5,3.6,3.8,3.9,4.1,4.2,4.4,4.5,4.7,4.9,5.1,5.3,5.4,5.6,5.8,6
caf,Central African Republic,0.2,0.3,0.3,0.3,0.3,0.3,0.3,0.4,0.4,0.4,0.4,0.5,0.5,0.5,0.6,0.6,0.6,0.7,0.7,0.8,0.8,0.9,0.9,1,1,1.1,1.1,1.2,1.3,1.3,1.4,1.5,1.5,1.6,1.7,1.8,1.9,1.9,2,2.1
can,Canada,8.7,8.9,9.1,9.3,9.5,9.7,9.9,10.1,10.3,10.5,10.7,10.8,11,11.2,11.4,11.5,11.7,11.8,12,12.1,12.3,12.4,12.6,12.7,12.8,12.9,13,13.1,13.3,13.4,13.5,13.6,13.6,13.7,13.8,13.9,14,14.1,14.1,14.2
che,Switzerland,7.4,7.6,7.8,8,8.2,8.4,8.6,8.8,9,9.1,9.3,9.5,9.7,9.8,10,10.2,10.3,10.5,10.6,10.7,10.8,10.9,11.1,11.2,11.3,11.4,11.5,11.6,11.7,11.8,11.9,12,12.1,12.2,12.3,12.3,12.4,12.5,12.6,12.6
chl,Chile,5.3,5.4,5.5,5.6,5.8,5.9,6,6.1,6.3,6.4,6.5,6.6,6.8,6.9,7,7.1,7.3,7.4,7.5,7.7,7.8,7.9,8,8.2,8.3,8.4,8.5,8.7,8.8,8.9,9,9.2,9.3,9.4,9.5,9.6,9.7,9.8,10,10.1
chn,China,1.2,1.3,1.4,1.4,1.5,1.6,1.7,1.8,1.9,2,2.1,2.2,2.3,2.4,2.5,2.7,2.8,2.9,3,3.2,3.3,3.4,3.6,3.7,3.9,4,4.2,4.3,4.5,4.6,4.8,5,5.1,5.3,5.5,5.7,5.9,6,6.2,6.4
civ,Cote d'Ivoire,0.2,0.3,0.3,0.3,0.3,0.3,0.3,0.4,0.4,0.4,0.4,0.5,0.5,0.5,0.6,0.6,0.6,0.7,0.7,0.8,0.8,0.9,0.9,1,1,1.1,1.1,1.2,1.2,1.3,1.3,1.4,1.5,1.5,1.6,1.7,1.7,1.8,1.9,2
cmr,Cameroon,0.6,0.6,0.7,0.7,0.7,0.8,0.8,0.9,0.9,1,1,1.1,1.2,1.2,1.3,1.4,1.5,1.6,1.7,1.8,1.9,1.9,2,2.1,2.3,2.4,2.5,2.6,2.7,2.8,2.9,3.1,3.2,3.3,3.5,3.6,3.8,3.9,4.1,4.2
cod,"Congo, Dem. Rep.",0.6,0.7,0.7,0.8,0.8,0.9,0.9,1,1,1.1,1.1,1.2,1.3,1.3,1.4,1.5,1.6,1.6,1.7,1.8,1.9,2,2.1,2.1,2.2,2.3,2.4,2.5,2.6,2.7,2.8,3,3.1,3.2,3.3,3.4,3.6,3.7,3.8,4
cog,"Congo, Rep.",0.7,0.8,0.8,0.9,1,1,1.1,1.2,1.2,1.3,1.4,1.5,1.6,1.7,1.8,1.9,2.1,2.2,2.3,2.4,2.5,2.7,2.8,2.9,3,3.2,3.3,3.4,3.6,3.7,3.9,4,4.2,4.3,4.5,4.6,4.8,4.9,5.1,5.3
col,Colombia,3.2,3.3,3.4,3.5,3.6,3.6,3.7,3.8,3.9,4,4,4.1,4.2,4.3,4.3,4.4,4.5,4.6,4.7,4.7,4.8,4.9,5,5.1,5.2,5.2,5.3,5.4,5.5,5.6,5.7,5.7,5.8,5.9,6,6.1,6.2,6.3,6.3,6.4
com,Comoros,0.2,0.2,0.3,0.3,0.3,0.3,0.3,0.3,0.3,0.4,0.4,0.4,0.4,0.5,0.5,0.5,0.6,0.6,0.7,0.8,0.8,0.9,0.9,1,1.1,1.1,1.2,1.3,1.3,1.4,1.5,1.6,1.7,1.8,1.8,1.9,2,2.1,2.2,2.3
cpv,Cape Verde,0.5,0.5,0.5,0.6,0.6,0.6,0.7,0.7,0.7,0.8,0.8,0.9,0.9,1,1,1.1,1.1,1.2,1.3,1.4,1.4,1.5,1.6,1.7,1.8,1.9,2,2.1,2.2,2.3,2.4,2.5,2.6,2.7,2.8,2.9,3.1,3.2,3.3,3.5
cri,Costa Rica,4,4.1,4.2,4.3,4.4,4.5,4.6,4.8,4.9,5,5.1,5.2,5.3,5.4,5.6,5.7,5.8,5.9,6.1,6.2,6.3,6.5,6.6,6.7,6.8,7,7.1,7.2,7.3,7.4,7.6,7.7,7.8,7.9,8,8.1,8.3,8.4,8.5,8.6
cub,Cuba,5.3,5.4,5.5,5.6,5.8,5.9,6,6.1,6.3,6.4,6.5,6.7,6.8,6.9,7.1,7.2,7.3,7.5,7.6,7.7,7.9,8,8.1,8.3,8.4,8.5,8.7,8.8,8.9,9,9.2,9.3,9.4,9.5,9.6,9.8,9.9,10,10.1,10.2
cyp,Cyprus,4.5,4.7,4.9,5.1,5.3,5.5,5.7,5.9,6.1,6.3,6.5,6.7,6.9,7.1,7.3,7.5,7.7,7.9,8.1,8.3,8.5,8.7,8.9,9.1,9.3,9.5,9.6,9.8,10,10.2,10.4,10.5,10.7,10.9,11,11.2,11.4,11.5,11.7,11.8
cze,Czech Republic,8.8,8.9,9.1,9.3,9.5,9.6,9.8,9.9,10.1,10.2,10.4,10.5,10.7,10.8,10.9,11.1,11.2,11.3,11.4,11.5,11.6,11.7,11.8,11.9,12,12.1,12.2,12.3,12.4,12.5,12.6,12.7,12.7,12.8,12.9,13,13.1,13.1,13.2,13.3
deu,Germany,6.2,6.4,6.6,6.8,6.9,7.1,7.3,7.5,7.6,7.8,8,8.2,8.3,8.5,8.6,8.8,9,9.1,9.3,9.4,9.6,9.7,9.8,10,10.1,10.3,10.4,10.5,10.7,10.8,10.9,11.1,11.2,11.3,11.4,11.6,11.7,11.8,11.9,12
dji,Djibouti,0.2,0.2,0.3,0.3,0.3,0.3,0.3,0.3,0.4,0.4,0.4,0.4,0.4,0.5,0.5,0.5,0.5,0.6,0.6,0.6,0.7,0.7,0.7,0.8,0.8,0.9,0.9,1,1,1.1,1.1,1.2,1.2,1.3,1.4,1.5,1.5,1.6,1.7,1.8
dnk,Denmark,7.9,8.1,8.3,8.5,8.6,8.8,9,9.1,9.3,9.5,9.6,9.8,9.9,10.1,10.2,10.4,10.5,10.6,10.8,10.9,11,11.1,11.2,11.3,11.5,11.6,11.7,11.8,11.9,12,12.1,12.1,12.2,12.3,12.4,12.5,12.6,12.7,12.7,12.8
dom,Dominican Republic,2.3,2.4,2.5,2.6,2.7,2.8,2.9,3,3.1,3.2,3.3,3.5,3.6,3.7,3.8,4,4.1,4.3,4.4,4.6,4.7,4.9,5,5.2,5.3,5.5,5.6,5.8,6,6.1,6.3,6.4,6.6,6.7,6.9,7,7.2,7.4,7.5,7.7
dza,Algeria,0.6,0.6,0.6,0.7,0.7,0.8,0.8,0.9,0.9,1,1.1,1.1,1.2,1.3,1.4,1.5,1.5,1.6,1.7,1.8,1.9,2,2.1,2.2,2.3,2.4,2.5,2.6,2.8,2.9,3,3.1,3.2,3.4,3.5,3.6,3.8,3.9,4,4.2
ecu,Ecuador,3.1,3.2,3.3,3.4,3.5,3.6,3.7,3.9,4,4.1,4.2,4.3,4.5,4.6,4.7,4.8,5,5.1,5.2,5.4,5.5,5.6,5.8,5.9,6,6.2,6.3,6.4,6.6,6.7,6.8,7,7.1,7.3,7.4,7.5,7.7,7.8,7.9,8.1
egy,Egypt,0.9,1,1.1,1.1,1.2,1.3,1.4,1.4,1.5,1.6,1.7,1.8,1.9,2,2.1,2.2,2.3,2.4,2.5,2.6,2.7,2.8,2.9,3.1,3.2,3.3,3.4,3.6,3.7,3.9,4,4.1,4.3,4.4,4.6,4.7,4.9,5,5.2,5.3
eri,Eritrea,0.2,0.2,0.2,0.2,0.2,0.2,0.2,0.3,0.3,0.3,0.3,0.3,0.4,0.4,0.4,0.5,0.5,0.5,0.6,0.6,0.7,0.7,0.8,0.8,0.9,0.9,1,1.1,1.1,1.2,1.3,1.3,1.4,1.5,1.6,1.7,1.8,1.9,2,2.1
esp,Spain,2.3,2.4,2.5,2.7,2.8,2.9,3.1,3.2,3.4,3.5,3.7,3.8,4,4.2,4.3,4.5,4.7,4.9,5.1,5.3,5.5,5.6,5.8,6,6.2,6.4,6.6,6.8,7,7.2,7.4,7.6,7.8,7.9,8.1,8.3,8.5,8.7,8.9,9
est,Estonia,6.5,6.6,6.8,6.9,7.1,7.2,7.4,7.5,7.7,7.8,8,8.2,8.3,8.5,8.6,8.8,8.9,9.1,9.2,9.3,9.5,9.6,9.7,9.9,10,10.1,10.2,10.4,10.5,10.6,10.7,10.8,11,11.1,11.2,11.3,11.4,11.5,11.6,11.7
eth,Ethiopia,0.1,0.1,0.1,0.1,0.1,0.1,0.1,0.1,0.1,0.1,0.1,0.2,0.2,0.2,0.2,0.2,0.2,0.2,0.3,0.3,0.3,0.3,0.3,0.4,0.4,0.4,0.4,0.5,0.5,0.5,0.6,0.6,0.6,0.7,0.7,0.8,0.8,0.9,0.9,1
fin,Finland,6.3,6.5,6.7,6.9,7,7.2,7.4,7.6,7.8,7.9,8.1,8.3,8.5,8.6,8.8,9,9.2,9.3,9.5,9.7,9.8,10,10.2,10.3,10.5,10.6,10.8,10.9,11,11.2,11.3,11.4,11.6,11.7,11.8,11.9,12,12.1,12.2,12.3
fji,Fiji,3.7,3.8,4,4.1,4.2,4.3,4.5,4.6,4.7,4.8,5,5.1,5.2,5.4,5.5,5.6,5.8,5.9,6.1,6.2,6.3,6.5,6.6,6.8,6.9,7.1,7.2,7.4,7.5,7.7,7.8,8,8.1,8.3,8.4,8.6,8.7,8.9,9,9.2
fra,France,5.7,5.8,6,6.1,6.2,6.3,6.5,6.6,6.7,6.8,7,7.1,7.2,7.3,7.4,7.6,7.7,7.8,8,8.1,8.2,8.3,8.5,8.6,8.7,8.8,9,9.1,9.2,9.3,9.4,9.6,9.7,9.8,9.9,10,10.1,10.3,10.4,10.5
gab,Gabon,1.2,1.2,1.3,1.3,1.4,1.5,1.5,1.6,1.7,1.8,1.8,1.9,2,2.1,2.2,2.4,2.5,2.6,2.7,2.8,3,3.1,3.2,3.3,3.5,3.6,3.7,3.9,4,4.2,4.3,4.5,4.6,4.8,4.9,5.1,5.2,5.4,5.6,5.7
gbr,UK,8.3,8.4,8.6,8.8,9,9.1,9.3,9.5,9.6,9.8,9.9,10.1,10.2,10.3,10.5,10.6,10.7,10.9,11,11.1,11.2,11.3,11.4,11.5,11.6,11.7,11.8,11.9,12,12.1,12.2,12.3,12.4,12.5,12.6,12.7,12.8,12.8,12.9,13
geo,Georgia,7.4,7.5,7.7,7.8,8,8.1,8.3,8.4,8.6,8.7,8.9,9,9.2,9.3,9.5,9.6,9.7,9.9,10,10.2,10.3,10.5,10.6,10.7,10.8,11,11.1,11.2,11.3,11.4,11.6,11.7,11.8,11.9,12,12.1,12.2,12.3,12.4,12.5
gha,Ghana,1.2,1.2,1.3,1.3,1.4,1.5,1.6,1.6,1.7,1.8,1.9,2,2,2.1,2.2,2.3,2.4,2.5,2.6,2.7,2.8,2.9,3,3.1,3.3,3.4,3.5,3.6,3.7,3.8,4,4.1,4.2,4.4,4.5,4.6,4.8,4.9,5.1,5.2
gin,Guinea,0.1,0.1,0.1,0.1,0.2,0.2,0.2,0.2,0.2,0.2,0.2,0.2,0.2,0.3,0.3,0.3,0.3,0.3,0.4,0.4,0.4,0.4,0.4,0.5,0.5,0.5,0.5,0.6,0.6,0.6,0.7,0.7,0.7,0.8,0.8,0.8,0.9,0.9,0.9,1
gmb,Gambia,0.3,0.3,0.3,0.3,0.3,0.4,0.4,0.4,0.4,0.4,0.5,0.5,0.5,0.5,0.6,0.6,0.6,0.7,0.7,0.7,0.8,0.8,0.9,0.9,1,1,1.1,1.1,1.2,1.2,1.3,1.4,1.4,1.5,1.6,1.6,1.7,1.8,1.9,2
gnb,Guinea-Bissau,0.1,0.1,0.1,0.1,0.1,0.2,0.2,0.2,0.2,0.2,0.2,0.2,0.2,0.3,0.3,0.3,0.3,0.3,0.3,0.4,0.4,0.4,0.4,0.5,0.5,0.5,0.6,0.6,0.6,0.7,0.7,0.7,0.8,0.8,0.9,0.9,1,1,1.1,1.1
gnq,Equatorial Guinea,0.9,0.9,1,1,1,1.1,1.2,1.2,1.3,1.3,1.4,1.5,1.5,1.6,1.7,1.8,1.9,1.9,2,2.1,2.2,2.3,2.4,2.5,2.6,2.7,2.8,2.9,3,3.2,3.3,3.4,3.5,3.7,3.8,3.9,4.1,4.2,4.4,4.5
grc,Greece,4.4,4.5,4.6,4.8,4.9,5.1,5.2,5.4,5.5,5.7,5.8,6,6.1,6.3,6.4,6.6,6.7,6.9,7,7.2,7.4,7.5,7.7,7.8,8,8.1,8.3,8.4,8.6,8.7,8.9,9,9.1,9.3,9.4,9.5,9.7,9.8,9.9,10.1
gtm,Guatemala,1,1.1,1.1,1.2,1.2,1.3,1.3,1.4,1.5,1.5,1.6,1.6,1.7,1.8,1.8,1.9,2,2,2.1,2.2,2.2,2.3,2.4,2.5,2.5,2.6,2.7,2.8,2.9,3,3,3.1,3.2,3.3,3.4,3.5,3.6,3.7,3.8,3.9
guy,Guyana,3.6,3.7,3.8,3.9,4,4.2,4.3,4.4,4.5,4.6,4.8,4.9,5.1,5.2,5.4,5.6,5.8,6,6.2,6.4,6.5,6.7,6.9,7.1,7.2,7.4,7.6,7.7,7.9,8,8.2,8.3,8.5,8.6,8.8,8.9,9,9.1,9.3,9.4
hnd,Honduras,1.8,1.9,1.9,2,2.1,2.2,2.2,2.3,2.4,2.5,2.6,2.7,2.7,2.8,2.9,3,3.1,3.2,3.3,3.4,3.5,3.6,3.7,3.9,4,4.1,4.2,4.3,4.4,4.5,4.6,4.8,4.9,5,5.1,5.2,5.4,5.5,5.6,5.7
hrv,Croatia,3.3,3.4,3.6,3.7,3.9,4,4.2,4.4,4.6,4.7,4.9,5.1,5.3,5.5,5.7,5.9,6.2,6.4,6.6,6.8,7,7.2,7.5,7.7,7.9,8.1,8.3,8.5,8.7,8.9,9.1,9.3,9.5,9.7,9.9,10.1,10.3,10.5,10.7,10.8
hti,Haiti,0.5,0.6,0.6,0.6,0.7,0.7,0.7,0.8,0.8,0.9,0.9,1,1,1.1,1.1,1.2,1.2,1.3,1.4,1.4,1.5,1.6,1.7,1.7,1.8,1.9,2,2.1,2.2,2.3,2.4,2.5,2.6,2.7,2.8,2.9,3,3.2,3.3,3.4
hun,Hungary,7,7.1,7.2,7.3,7.4,7.6,7.7,7.8,7.9,8,8.1,8.3,8.4,8.5,8.6,8.7,8.9,9,9.1,9.2,9.3,9.4,9.5,9.6,9.7,9.8,9.9,10,10.1,10.2,10.3,10.4,10.5,10.6,10.7,10.8,10.9,10.9,11,11.1
idn,Indonesia,1.1,1.2,1.3,1.4,1.4,1.5,1.6,1.7,1.8,1.9,2,2.1,2.2,2.3,2.4,2.5,2.6,2.7,2.9,3,3.1,3.2,3.4,3.5,3.6,3.8,3.9,4.1,4.2,4.4,4.5,4.7,4.9,5,5.2,5.4,5.5,5.7,5.9,6.1
ind,India,0.6,0.7,0.7,0.7,0.8,0.8,0.9,0.9,1,1,1.1,1.1,1.2,1.2,1.3,1.4,1.4,1.5,1.5,1.6,1.7,1.8,1.8,1.9,2,2.1,2.1,2.2,2.3,2.4,2.5,2.6,2.7,2.8,2.9,3,3.1,3.2,3.3,3.4
irl,Ireland,6.2,6.4,6.6,6.7,6.9,7,7.2,7.3,7.5,7.7,7.8,8,8.1,8.2,8.4,8.5,8.7,8.8,9,9.1,9.3,9.4,9.5,9.7,9.8,9.9,10,10.2,10.3,10.4,10.5,10.6,10.8,10.9,11,11.1,11.2,11.3,11.4,11.5
irn,Iran,0.8,0.8,0.9,0.9,1,1,1.1,1.1,1.2,1.3,1.4,1.4,1.5,1.6,1.7,1.8,1.9,2,2.1,2.2,2.3,2.4,2.6,2.7,2.8,2.9,3.1,3.2,3.4,3.5,3.7,3.8,4,4.1,4.3,4.4,4.6,4.8,5,5.1
irq,Iraq,1.2,1.3,1.3,1.4,1.4,1.5,1.5,1.6,1.6,1.7,1.7,1.8,1.8,1.9,2,2,2,2.1,2.1,2.1,2.1,2.2,2.2,2.3,2.3,2.4,2.5,2.5,2.6,2.7,2.8,2.8,2.9,3,3.1,3.2,3.3,3.4,3.5,3.7
isr,Israel,6.9,7,7.2,7.4,7.5,7.7,7.9,8,8.2,8.4,8.5,8.7,8.9,9,9.2,9.3,9.5,9.7,9.8,10,10.1,10.2,10.4,10.5,10.7,10.8,10.9,11.1,11.2,11.3,11.5,11.6,11.7,11.8,12,12.1,12.2,12.3,12.4,12.5
ita,Italy,5,5.1,5.2,5.4,5.5,5.6,5.8,5.9,6,6.2,6.3,6.5,6.6,6.7,6.9,7,7.2,7.3,7.5,7.6,7.8,7.9,8.1,8.2,8.3,8.5,8.6,8.7,8.9,9,9.1,9.3,9.4,9.5,9.7,9.8,9.9,10,10.1,10.2
jam,Jamaica,4.6,4.7,4.9,5,5.2,5.3,5.5,5.6,5.8,5.9,6.1,6.3,6.4,6.6,6.7,6.9,7,7.2,7.4,7.5,7.7,7.8,8,8.1,8.3,8.4,8.6,8.7,8.8,9,9.1,9.3,9.4,9.5,9.7,9.8,9.9,10.1,10.2,10.3
jor,Jordan,1.2,1.3,1.4,1.5,1.6,1.7,1.9,2,2.1,2.3,2.4,2.6,2.7,2.9,3.1,3.3,3.5,3.6,3.8,4,4.2,4.4,4.6,4.8,5.1,5.3,5.5,5.7,5.9,6.2,6.4,6.7,6.9,7.1,7.4,7.6,7.9,8.1,8.3,8.6
jpn,Japan,8.2,8.3,8.5,8.6,8.7,8.8,8.9,9,9.1,9.2,9.4,9.5,9.6,9.7,9.8,9.9,10,10.1,10.2,10.3,10.4,10.5,10.6,10.7,10.8,10.9,11,11.1,11.2,11.3,11.4,11.5,11.6,11.7,11.8,11.9,12,12,12.1,12.2
kaz,Kazakhstan,4.7,4.9,5,5.2,5.4,5.5,5.7,5.9,6,6.2,6.4,6.6,6.8,7,7.2,7.4,7.6,7.8,8.1,8.3,8.5,8.7,8.9,9.1,9.3,9.5,9.7,9.9,10.1,10.3,10.4,10.6,10.8,11,11.1,11.3,11.5,11.6,11.8,11.9
ken,Kenya,0.8,0.8,0.9,0.9,1,1.1,1.1,1.2,1.3,1.4,1.5,1.6,1.7,1.8,1.9,2,2.1,2.2,2.4,2.5,2.6,2.8,2.9,3.1,3.2,3.4,3.5,3.7,3.8,4,4.2,4.4,4.5,4.7,4.9,5.1,5.3,5.5,5.7,5.9
kgz,Kyrgyz Republic,4.9,5.1,5.2,5.4,5.6,5.7,5.9,6.1,6.3,6.4,6.6,6.8,7,7.2,7.3,7.5,7.7,7.9,8.1,8.3,8.4,8.6,8.8,9,9.1,9.3,9.5,9.6,9.8,10,10.1,10.3,10.4,10.6,10.7,10.9,11,11.1,11.3,11.4
khm,Cambodia,0.6,0.7,0.7,0.7,0.8,0.8,0.8,0.9,0.9,1,1,1.1,1.1,1.2,1.2,1.3,1.3,1.4,1.4,1.5,1.6,1.6,1.7,1.8,1.8,1.9,2,2.1,2.1,2.2,2.3,2.4,2.5,2.6,2.7,2.8,2.8,3,3.1,3.2
kir,Kiribati,2.7,2.8,2.9,3,3.2,3.3,3.4,3.6,3.7,3.8,4,4.1,4.3,4.4,4.6,4.7,4.9,5.1,5.2,5.4,5.6,5.8,5.9,6.1,6.3,6.5,6.7,6.9,7,7.2,7.4,7.6,7.8,8,8.2,8.4,8.6,8.8,9,9.2
kor,South Korea,4.8,5,5.1,5.3,5.5,5.7,5.9,6.1,6.3,6.5,6.7,6.9,7,7.2,7.4,7.6,7.8,8,8.2,8.4,8.6,8.8,9,9.2,9.4,9.5,9.7,9.9,10.1,10.3,10.4,10.6,10.8,11,11.1,11.3,11.4,11.6,11.8,11.9
kwt,Kuwait,1.4,1.4,1.5,1.6,1.7,1.8,1.9,2,2.1,2.3,2.4,2.5,2.6,2.8,2.9,3,3.2,3.3,3.4,3.6,3.7,3.9,4,4.2,4.3,4.5,4.6,4.8,5,5.2,5.3,5.5,5.7,5.9,6,6.2,6.4,6.6,6.8,7
lao,Lao,0.4,0.4,0.5,0.5,0.5,0.5,0.6,0.6,0.6,0.7,0.7,0.7,0.8,0.8,0.9,0.9,1,1,1.1,1.1,1.2,1.2,1.3,1.4,1.4,1.5,1.6,1.6,1.7,1.8,1.8,1.9,2,2.1,2.2,2.3,2.3,2.4,2.5,2.6
lbn,Lebanon,1.6,1.7,1.8,2,2.1,2.2,2.3,2.5,2.6,2.8,2.9,3.1,3.2,3.4,3.6,3.7,3.9,4.1,4.3,4.4,4.6,4.8,5,5.2,5.4,5.6,5.8,6,6.2,6.4,6.6,6.8,7,7.2,7.4,7.6,7.8,8,8.2,8.5
lbr,Liberia,0.3,0.3,0.3,0.4,0.4,0.4,0.4,0.4,0.5,0.5,0.5,0.5,0.6,0.6,0.7,0.7,0.7,0.8,0.8,0.9,0.9,1,1,1.1,1.1,1.2,1.2,1.3,1.4,1.4,1.5,1.6,1.6,1.7,1.8,1.9,2,2,2.1,2.2
lca,St. Lucia,4.5,4.6,4.8,4.9,5,5.2,5.3,5.4,5.6,5.7,5.8,5.9,6.1,6.2,6.3,6.5,6.6,6.7,6.8,6.9,7.1,7.2,7.3,7.4,7.6,7.7,7.8,7.9,8,8.2,8.3,8.4,8.5,8.6,8.8,8.9,9,9.1,9.2,9.4
lka,Sri Lanka,3.4,3.5,3.6,3.7,3.9,4,4.2,4.3,4.4,4.6,4.7,4.9,5,5.1,5.3,5.4,5.6,5.7,5.9,6,6.2,6.3,6.5,6.6,6.8,6.9,7.1,7.3,7.4,7.6,7.8,8,8.1,8.3,8.5,8.7,8.8,9,9.2,9.4
lso,Lesotho,2.3,2.5,2.6,2.7,2.8,2.9,3.1,3.2,3.3,3.5,3.6,3.7,3.9,4,4.2,4.3,4.5,4.6,4.8,4.9,5.1,5.2,5.4,5.5,5.7,5.9,6,6.2,6.4,6.6,6.7,6.9,7.1,7.3,7.5,7.7,7.9,8.1,8.2,8.4
ltu,Lithuania,4.9,5.1,5.3,5.5,5.7,5.9,6.1,6.3,6.5,6.8,7,7.2,7.4,7.7,7.9,8.1,8.3,8.5,8.7,8.9,9.1,9.3,9.5,9.7,9.9,10.1,10.3,10.5,10.7,10.9,11.1,11.2,11.4,11.6,11.7,11.9,12.1,12.2,12.4,12.5
lux,Luxembourg,5.5,5.7,5.8,6,6.1,6.3,6.5,6.6,6.8,7,7.1,7.3,7.4,7.6,7.8,7.9,8.1,8.2,8.4,8.5,8.6,8.8,8.9,9.1,9.2,9.3,9.5,9.6,9.7,9.8,10,10.1,10.2,10.3,10.5,10.6,10.7,10.8,10.9,11
lva,Latvia,6.1,6.3,6.5,6.7,6.9,7.1,7.3,7.5,7.7,7.9,8.1,8.3,8.6,8.8,9,9.2,9.4,9.5,9.7,9.9,10,10.2,10.4,10.6,10.7,10.9,11,11.2,11.4,11.5,11.7,11.8,12,12.1,12.2,12.4,12.5,12.6,12.7,12.9
mar,Morocco,0.3,0.3,0.3,0.3,0.4,0.4,0.4,0.4,0.5,0.5,0.5,0.6,0.6,0.7,0.7,0.8,0.8,0.9,0.9,1,1,1.1,1.1,1.2,1.3,1.3,1.4,1.5,1.5,1.6,1.7,1.8,1.9,2,2.1,2.1,2.2,2.3,2.4,2.5
mda,Moldova,5.6,5.7,5.9,6,6.2,6.3,6.4,6.6,6.7,6.9,7,7.2,7.3,7.5,7.7,7.8,8,8.1,8.3,8.5,8.6,8.8,8.9,9.1,9.2,9.3,9.5,9.6,9.8,9.9,10,10.2,10.3,10.4,10.6,10.7,10.8,10.9,11.1,11.2
mdg,Madagascar,0.8,0.8,0.9,0.9,1,1,1.1,1.2,1.2,1.3,1.4,1.4,1.5,1.6,1.7,1.7,1.8,1.9,2,2.1,2.2,2.3,2.4,2.4,2.5,2.7,2.8,2.9,3,3.1,3.2,3.3,3.5,3.6,3.7,3.9,4,4.2,4.3,4.5
mdv,Maldives,2,2,2.1,2.1,2.2,2.2,2.3,2.3,2.4,2.4,2.4,2.5,2.5,2.5,2.6,2.6,2.6,2.6,2.7,2.7,2.7,2.7,2.8,2.8,2.8,2.9,2.9,2.9,3,3,3,3.1,3.1,3.2,3.2,3.2,3.3,3.3,3.4,3.4
mex,Mexico,2.5,2.6,2.7,2.8,2.9,3,3.1,3.3,3.4,3.5,3.6,3.7,3.8,4,4.1,4.2,4.3,4.5,4.6,4.7,4.9,5,5.1,5.3,5.4,5.6,5.7,5.8,6,6.1,6.3,6.4,6.6,6.7,6.8,7,7.1,7.3,7.4,7.6
mhl,Marshall Islands,2.6,2.8,2.9,3,3.2,3.3,3.5,3.6,3.8,4,4.1,4.3,4.5,4.7,4.9,5,5.2,5.4,5.6,5.7,5.9,6.1,6.2,6.4,6.5,6.7,6.9,7,7.2,7.4,7.5,7.7,7.8,8,8.2,8.3,8.5,8.6,8.8,8.9
mkd,North Macedonia,3.8,3.9,4.1,4.2,4.3,4.4,4.6,4.7,4.8,5,5.1,5.3,5.4,5.6,5.7,5.9,6,6.2,6.3,6.5,6.6,6.8,7,7.1,7.3,7.4,7.6,7.7,7.9,8.1,8.2,8.4,8.5,8.7,8.8,9,9.1,9.3,9.4,9.6
mli,Mali,0.1,0.1,0.1,0.1,0.2,0.2,0.2,0.2,0.2,0.2,0.2,0.2,0.2,0.3,0.3,0.3,0.3,0.3,0.3,0.4,0.4,0.4,0.4,0.4,0.5,0.5,0.5,0.5,0.5,0.6,0.6,0.6,0.6,0.7,0.7,0.7,0.8,0.8,0.8,0.8
mmr,Myanmar,1.3,1.3,1.4,1.5,1.5,1.6,1.7,1.7,1.8,1.9,2,2,2.1,2.2,2.3,2.4,2.5,2.5,2.6,2.7,2.8,2.9,3,3,3.1,3.2,3.3,3.4,3.5,3.6,3.7,3.8,3.9,4,4.1,4.2,4.3,4.4,4.5,4.6
mne,Montenegro,4.8,4.9,5.1,5.2,5.4,5.5,5.6,5.8,5.9,6.1,6.2,6.4,6.5,6.7,6.8,7,7.1,7.3,7.5,7.6,7.8,7.9,8.1,8.3,8.4,8.6,8.7,8.9,9,9.2,9.3,9.5,9.6,9.7,9.9,10,10.2,10.3,10.4,10.6
mng,Mongolia,3.7,3.8,4,4.1,4.2,4.4,4.5,4.6,4.8,4.9,5.1,5.2,5.4,5.5,5.7,5.8,5.9,6.1,6.2,6.4,6.5,6.7,6.8,6.9,7.1,7.2,7.4,7.5,7.7,7.8,8,8.1,8.2,8.4,8.5,8.7,8.8,8.9,9.1,9.2
moz,Mozambique,0.2,0.3,0.3,0.3,0.3,0.3,0.3,0.4,0.4,0.4,0.4,0.4,0.5,0.5,0.5,0.5,0.6,0.6,0.6,0.7,0.7,0.7,0.8,0.8,0.9,0.9,1,1,1,1.1,1.1,1.2,1.3,1.3,1.4,1.4,1.5,1.6,1.6,1.7
mrt,Mauritania,0.2,0.2,0.2,0.2,0.2,0.2,0.2,0.2,0.2,0.3,0.3,0.3,0.3,0.3,0.3,0.3,0.4,0.4,0.4,0.5,0.5,0.5,0.6,0.6,0.6,0.7,0.7,0.8,0.8,0.9,0.9,1,1,1.1,1.1,1.2,1.3,1.3,1.4,1.5
mus,Mauritius,1.4,1.5,1.6,1.7,1.8,1.9,2,2.1,2.2,2.3,2.4,2.6,2.7,2.9,3,3.2,3.3,3.5,3.7,3.9,4,4.2,4.4,4.6,4.8,5,5.2,5.4,5.7,5.9,6.1,6.3,6.5,6.8,7,7.2,7.4,7.7,7.9,8.1
mwi,Malawi,0.6,0.6,0.6,0.7,0.7,0.8,0.8,0.8,0.9,0.9,1,1,1.1,1.2,1.2,1.3,1.3,1.4,1.4,1.5,1.6,1.6,1.7,1.8,1.8,1.9,2,2.1,2.2,2.3,2.4,2.4,2.5,2.6,2.7,2.8,3,3.1,3.2,3.3
mys,Malaysia,1.6,1.6,1.7,1.8,2,2.1,2.2,2.3,2.4,2.6,2.7,2.8,3,3.1,3.3,3.4,3.6,3.7,3.9,4.1,4.2,4.4,4.6,4.8,4.9,5.1,5.3,5.5,5.7,5.9,6,6.2,6.4,6.6,6.8,7,7.2,7.4,7.6,7.7
nam,Namibia,1.5,1.6,1.7,1.8,1.9,2,2.1,2.2,2.3,2.4,2.6,2.7,2.8,2.9,3.1,3.2,3.3,3.5,3.6,3.7,3.9,4,4.1,4.3,4.4,4.6,4.8,4.9,5.1,5.2,5.4,5.6,5.7,5.9,6.1,6.2,6.4,6.6,6.8,6.9
ner,Niger,0.1,0.1,0.1,0.1,0.1,0.1,0.1,0.1,0.1,0.1,0.1,0.1,0.1,0.1,0.1,0.1,0.2,0.2,0.2,0.2,0.2,0.2,0.2,0.3,0.3,0.3,0.3,0.3,0.3,0.4,0.4,0.4,0.4,0.5,0.5,0.5,0.5,0.6,0.6,0.6
nga,Nigeria,0.5,0.6,0.6,0.6,0.7,0.7,0.8,0.8,0.8,0.9,1,1,1.1,1.2,1.2,1.3,1.4,1.5,1.6,1.6,1.7,1.8,1.9,2,2.1,2.2,2.3,2.4,2.6,2.7,2.8,2.9,3.1,3.2,3.3,3.5,3.6,3.8,3.9,4.1
nic,Nicaragua,1.9,1.9,2,2.1,2.1,2.2,2.3,2.4,2.5,2.5,2.6,2.7,2.8,2.9,3,3.1,3.2,3.3,3.4,3.5,3.6,3.7,3.8,3.9,4,4.1,4.3,4.4,4.5,4.6,4.7,4.8,5,5.1,5.2,5.3,5.4,5.6,5.7,5.8
nld,Netherlands,6.2,6.4,6.5,6.7,6.8,7,7.1,7.3,7.4,7.6,7.7,7.9,8,8.2,8.3,8.5,8.6,8.7,8.9,9,9.1,9.2,9.4,9.5,9.6,9.7,9.9,10,10.1,10.2,10.4,10.5,10.6,10.7,10.8,10.9,11.1,11.2,11.3,11.4
nor,Norway,6.1,6.3,6.6,6.9,7.2,7.4,7.7,8,8.2,8.5,8.7,9,9.2,9.5,9.7,9.9,10.1,10.3,10.5,10.7,10.9,11.1,11.2,11.4,11.6,11.7,11.9,12.1,12.2,12.4,12.5,12.7,12.8,12.9,13,13.2,13.3,13.4,13.5,13.6
npl,Nepal,0.1,0.1,0.1,0.1,0.1,0.2,0.2,0.2,0.2,0.2,0.2,0.2,0.2,0.3,0.3,0.3,0.3,0.3,0.4,0.4,0.4,0.5,0.5,0.5,0.6,0.6,0.6,0.7,0.7,0.8,0.8,0.9,0.9,1,1,1.1,1.1,1.2,1.3,1.3
nzl,New Zealand,6.4,6.6,6.8,7,7.2,7.4,7.6,7.8,7.9,8.1,8.3,8.4,8.6,8.8,8.9,9.1,9.2,9.4,9.5,9.7,9.8,9.9,10.1,10.2,10.4,10.5,10.6,10.8,10.9,11.1,11.2,11.3,11.5,11.6,11.7,11.8,12,12.1,12.2,12.3
omn,Oman,0.5,0.6,0.6,0.7,0.7,0.8,0.8,0.9,0.9,1,1.1,1.2,1.2,1.3,1.4,1.5,1.6,1.7,1.8,2,2.1,2.2,2.3,2.4,2.6,2.7,2.9,3,3.1,3.3,3.5,3.6,3.8,4,4.1,4.3,4.5,4.7,4.8,5
pak,Pakistan,0.3,0.3,0.3,0.3,0.4,0.4,0.4,0.4,0.5,0.5,0.5,0.5,0.6,0.6,0.6,0.7,0.7,0.8,0.8,0.9,0.9,1,1,1.1,1.1,1.2,1.2,1.3,1.4,1.5,1.5,1.6,1.7,1.8,1.9,2,2.1,2.2,2.3,2.4
pan,Panama,4.7,4.9,5,5.1,5.2,5.4,5.5,5.6,5.7,5.9,6,6.1,6.3,6.4,6.5,6.6,6.8,6.9,7,7.2,7.3,7.5,7.6,7.7,7.8,8,8.1,8.2,8.4,8.5,8.6,8.7,8.9,9,9.1,9.2,9.4,9.5,9.6,9.7
per,Peru,2.9,3,3.1,3.2,3.4,3.5,3.6,3.7,3.8,4,4.1,4.2,4.4,4.5,4.6,4.8,4.9,5.1,5.2,5.4,5.5,5.7,5.8,6,6.1,6.3,6.4,6.6,6.7,6.9,7,7.2,7.3,7.4,7.6,7.7,7.9,8,8.2,8.3
phl,Philippines,4.4,4.6,4.7,4.8,5,5.1,5.2,5.3,5.5,5.6,5.7,5.9,6,6.1,6.2,6.4,6.5,6.6,6.7,6.9,7,7.1,7.2,7.4,7.5,7.6,7.7,7.8,8,8.1,8.2,8.3,8.4,8.5,8.7,8.8,8.9,9,9.1,9.2
png,Papua New Guinea,0.5,0.5,0.6,0.6,0.6,0.7,0.7,0.7,0.8,0.8,0.9,0.9,0.9,1,1.1,1.1,1.2,1.2,1.3,1.4,1.4,1.5,1.6,1.6,1.7,1.8,1.9,2,2.1,2.2,2.2,2.3,2.4,2.5,2.7,2.8,2.9,3,3.1,3.2
pol,Poland,7.3,7.5,7.6,7.8,7.9,8.1,8.3,8.4,8.6,8.7,8.9,9,9.2,9.3,9.5,9.6,9.7,9.9,10,10.1,10.3,10.4,10.5,10.7,10.8,10.9,11,11.2,11.3,11.4,11.5,11.6,11.7,11.8,11.9,12,12.1,12.2,12.3,12.4
prt,Portugal,2.2,2.3,2.4,2.5,2.6,2.7,2.8,2.9,3.1,3.2,3.3,3.4,3.6,3.7,3.8,4,4.1,4.3,4.4,4.5,4.7,4.8,5,5.2,5.3,5.5,5.6,5.8,5.9,6.1,6.3,6.4,6.6,6.8,6.9,7.1,7.2,7.4,7.6,7.7
pry,Paraguay,2.9,3,3.1,3.2,3.4,3.5,3.6,3.7,3.8,3.9,4,4.1,4.2,4.3,4.4,4.6,4.7,4.8,4.9,5,5.1,5.2,5.3,5.4,5.5,5.6,5.7,5.8,5.9,6,6.1,6.3,6.4,6.5,6.6,6.7,6.8,6.9,7.1,7.2
pse,Palestine,1.4,1.5,1.6,1.7,1.8,1.9,2,2.1,2.3,2.4,2.5,2.7,2.8,3,3.2,3.3,3.5,3.7,3.9,4,4.2,4.4,4.6,4.8,5,5.1,5.3,5.5,5.7,5.9,6.1,6.3,6.5,6.7,6.9,7.1,7.3,7.5,7.7,7.9
qat,Qatar,1.5,1.6,1.7,1.8,1.9,2,2.1,2.3,2.4,2.5,2.7,2.8,3,3.1,3.3,3.5,3.6,3.8,4,4.1,4.3,4.5,4.6,4.8,5,5.2,5.4,5.6,5.8,6,6.2,6.3,6.5,6.7,6.9,7.1,7.4,7.6,7.8,7.9
rou,Romania,5.7,5.8,6,6.2,6.3,6.5,6.7,6.8,7,7.2,7.3,7.5,7.7,7.8,8,8.2,8.3,8.5,8.6,8.8,8.9,9.1,9.2,9.4,9.5,9.7,9.8,10,10.1,10.3,10.4,10.5,10.7,10.8,10.9,11,11.2,11.3,11.4,11.5
rus,Russia,5.7,5.9,6.1,6.2,6.4,6.6,6.8,7,7.2,7.4,7.6,7.9,8.1,8.3,8.5,8.7,8.9,9.1,9.3,9.5,9.7,9.9,10.1,10.3,10.5,10.7,10.9,11.1,11.2,11.4,11.6,11.7,11.9,12.1,12.2,12.4,12.5,12.7,12.8,12.9
rwa,Rwanda,0.4,0.4,0.4,0.4,0.5,0.5,0.5,0.6,0.6,0.6,0.7,0.7,0.8,0.8,0.9,0.9,1,1,1.1,1.1,1.2,1.3,1.3,1.4,1.5,1.5,1.6,1.7,1.8,1.8,1.9,2,2.1,2.2,2.3,2.4,2.5,2.6,2.7,2.8
sau,Saudi Arabia,0.5,0.6,0.6,0.6,0.7,0.7,0.8,0.8,0.9,0.9,1,1,1.1,1.2,1.3,1.4,1.5,1.6,1.7,1.8,1.9,2.1,2.2,2.3,2.5,2.6,2.7,2.9,3,3.2,3.4,3.5,3.7,3.9,4,4.2,4.4,4.6,4.8,5
sdn,Sudan,0.3,0.4,0.4,0.4,0.4,0.5,0.5,0.5,0.5,0.6,0.6,0.7,0.7,0.8,0.8,0.9,0.9,1,1.1,1.1,1.2,1.3,1.3,1.4,1.5,1.6,1.7,1.8,1.9,2,2.1,2.2,2.3,2.4,2.5,2.6,2.7,2.8,2.9,3.1
sen,Senegal,0.3,0.3,0.3,0.3,0.3,0.3,0.3,0.4,0.4,0.4,0.4,0.4,0.4,0.5,0.5,0.5,0.6,0.6,0.6,0.6,0.7,0.7,0.7,0.8,0.8,0.9,0.9,0.9,1,1,1.1,1.1,1.1,1.2,1.2,1.3,1.3,1.4,1.4,1.5
sgp,Singapore,2.2,2.3,2.4,2.4,2.5,2.6,2.7,2.8,2.9,3,3.2,3.3,3.4,3.5,3.6,3.7,3.9,4,4.1,4.2,4.3,4.4,4.5,4.6,4.7,4.8,4.9,5,5.1,5.2,5.3,5.4,5.5,5.6,5.7,5.8,5.9,5.9,6,6.1
slb,Solomon Islands,0.9,0.9,1,1.1,1.1,1.2,1.2,1.3,1.4,1.4,1.5,1.6,1.7,1.8,1.9,2,2,2.1,2.2,2.3,2.5,2.6,2.7,2.8,2.9,3,3.1,3.3,3.4,3.5,3.7,3.8,3.9,4.1,4.2,4.4,4.5,4.7,4.8,5
sle,Sierra Leone,0.2,0.3,0.3,0.3,0.3,0.3,0.3,0.3,0.4,0.4,0.4,0.4,0.4,0.5,0.5,0.5,0.5,0.6,0.6,0.6,0.6,0.7,0.7,0.7,0.8,0.8,0.8,0.9,0.9,1,1,1,1.1,1.1,1.2,1.2,1.3,1.4,1.4,1.5
slv,El Salvador,2.4,2.5,2.5,2.6,2.7,2.8,2.9,3,3.1,3.2,3.3,3.4,3.5,3.6,3.7,3.8,3.9,4,4.1,4.2,4.3,4.4,4.5,4.6,4.7,4.8,5,5.1,5.2,5.3,5.4,5.5,5.7,5.8,5.9,6,6.2,6.3,6.4,6.5
som,Somalia,0.1,0.1,0.1,0.1,0.1,0.2,0.2,0.2,0.2,0.2,0.2,0.2,0.2,0.2,0.3,0.3,0.3,0.3,0.3,0.4,0.4,0.4,0.4,0.4,0.5,0.5,0.5,0.5,0.6,0.6,0.6,0.7,0.7,0.7,0.8,0.8,0.8,0.9,0.9,1
srb,Serbia,4.2,4.4,4.5,4.6,4.8,4.9,5,5.2,5.3,5.5,5.6,5.7,5.9,6,6.2,6.3,6.5,6.7,6.8,7,7.1,7.3,7.4,7.6,7.8,7.9,8.1,8.2,8.4,8.5,8.7,8.8,9,9.2,9.3,9.5,9.6,9.8,9.9,10
stp,Sao Tome and Principe,0.7,0.7,0.8,0.8,0.8,0.9,0.9,1,1,1.1,1.1,1.2,1.2,1.3,1.3,1.4,1.5,1.5,1.6,1.7,1.8,1.8,1.9,2,2.1,2.2,2.3,2.4,2.5,2.6,2.7,2.8,2.9,3,3.2,3.3,3.4,3.6,3.7,3.8
sur,Suriname,2.9,3,3.1,3.2,3.3,3.4,3.5,3.6,3.7,3.8,3.9,4,4.1,4.2,4.3,4.4,4.5,4.6,4.7,4.8,4.9,5,5.2,5.3,5.4,5.5,5.6,5.7,5.8,5.9,6,6.2,6.3,6.4,6.5,6.6,6.7,6.8,6.9,7.1
svk,Slovak Republic,4.5,4.7,4.9,5.1,5.2,5.4,5.6,5.8,6,6.2,6.4,6.7,6.9,7.1,7.3,7.5,7.8,8,8.2,8.4,8.6,8.8,9.1,9.3,9.5,9.7,9.9,10.1,10.3,10.5,10.6,10.8,11,11.2,11.3,11.5,11.7,11.8,12,12.1
svn,Slovenia,4,4.2,4.4,4.6,4.8,5,5.2,5.4,5.6,5.8,6,6.2,6.4,6.6,6.8,7,7.3,7.5,7.7,7.8,8,8.2,8.4,8.6,8.8,9,9.2,9.4,9.6,9.8,10,10.2,10.4,10.6,10.8,11,11.2,11.4,11.5,11.7
swe,Sweden,7,7.2,7.4,7.5,7.7,7.9,8.1,8.3,8.5,8.7,8.8,9,9.2,9.3,9.5,9.7,9.8,10,10.1,10.3,10.4,10.6,10.7,10.9,11,11.2,11.3,11.4,11.5,11.7,11.8,11.9,12,12.2,12.3,12.4,12.5,12.6,12.7,12.8
swz,Eswatini,1.3,1.4,1.5,1.6,1.7,1.7,1.8,1.9,2,2.2,2.3,2.4,2.5,2.6,2.8,2.9,3,3.2,3.3,3.5,3.7,3.8,4,4.2,4.3,4.5,4.7,4.9,5.1,5.3,5.5,5.7,5.9,6.1,6.3,6.5,6.7,6.9,7.1,7.3
syc,Seychelles,3.6,3.7,3.9,4,4.2,4.4,4.5,4.7,4.9,5.1,5.3,5.4,5.6,5.8,6,6.2,6.5,6.7,6.9,7.2,7.4,7.7,7.9,8.2,8.4,8.7,8.9,9.2,9.4,9.6,9.9,10.1,10.3,10.5,10.7,10.9,11.1,11.3,11.5,11.7
syr,Syria,0.6,0.7,0.7,0.8,0.8,0.9,0.9,1,1.1,1.1,1.2,1.3,1.4,1.5,1.6,1.7,1.8,1.9,2,2.1,2.2,2.3,2.4,2.5,2.7,2.8,3,3.1,3.2,3.4,3.6,3.7,3.9,4,4.2,4.4,4.6,4.8,4.9,5.1
tcd,Chad,0.1,0.1,0.1,0.1,0.1,0.1,0.1,0.1,0.1,0.1,0.1,0.1,0.1,0.2,0.2,0.2,0.2,0.2,0.2,0.2,0.2,0.3,0.3,0.3,0.3,0.3,0.4,0.4,0.4,0.4,0.5,0.5,0.5,0.5,0.6,0.6,0.6,0.7,0.7,0.7
tgo,Togo,0.3,0.3,0.3,0.4,0.4,0.4,0.4,0.4,0.5,0.5,0.5,0.6,0.6,0.6,0.7,0.7,0.8,0.8,0.8,0.9,0.9,1,1,1.1,1.2,1.2,1.3,1.3,1.4,1.5,1.6,1.6,1.7,1.8,1.9,2,2.1,2.2,2.2,2.3
tha,Thailand,2.8,2.9,2.9,3,3.1,3.2,3.3,3.4,3.4,3.5,3.6,3.7,3.8,3.9,4,4.1,4.2,4.2,4.3,4.4,4.5,4.6,4.7,4.8,4.9,5,5.1,5.2,5.3,5.5,5.6,5.7,5.8,5.9,6,6.1,6.2,6.3,6.4,6.6
tjk,Tajikistan,4.2,4.4,4.5,4.6,4.8,4.9,5.1,5.2,5.4,5.5,5.7,5.9,6,6.2,6.4,6.6,6.7,6.9,7.1,7.3,7.4,7.6,7.8,8,8.1,8.3,8.4,8.6,8.8,8.9,9.1,9.2,9.4,9.5,9.7,9.8,10,10.1,10.2,10.4
tkm,Turkmenistan,4.6,4.7,4.9,5,5.2,5.3,5.5,5.6,5.8,6,6.1,6.3,6.5,6.7,6.8,7,7.2,7.4,7.5,7.7,7.9,8,8.2,8.4,8.6,8.7,8.9,9,9.2,9.4,9.5,9.7,9.8,10,10.1,10.3,10.4,10.6,10.7,10.8
tls,Timor-Leste,0.2,0.2,0.2,0.2,0.3,0.3,0.3,0.3,0.3,0.3,0.3,0.3,0.4,0.4,0.4,0.4,0.5,0.5,0.5,0.6,0.6,0.7,0.7,0.8,0.8,0.9,1,1,1.1,1.2,1.2,1.3,1.4,1.5,1.5,1.6,1.7,1.8,1.9,2
ton,Tonga,4.8,5,5.1,5.3,5.5,5.7,5.9,6.1,6.3,6.4,6.6,6.8,7,7.2,7.4,7.6,7.7,7.9,8.1,8.3,8.4,8.6,8.8,9,9.1,9.3,9.5,9.6,9.8,10,10.1,10.3,10.5,10.6,10.8,10.9,11.1,11.2,11.4,11.5
tto,Trinidad and Tobago,4.7,4.9,5,5.1,5.2,5.4,5.5,5.6,5.8,5.9,6,6.2,6.3,6.4,6.6,6.7,6.8,6.9,7.1,7.2,7.3,7.4,7.6,7.7,7.8,7.9,8.1,8.2,8.3,8.4,8.6,8.7,8.8,8.9,9.1,9.2,9.3,9.4,9.5,9.7
tun,Tunisia,0.5,0.5,0.5,0.6,0.6,0.7,0.7,0.8,0.8,0.9,0.9,1,1.1,1.2,1.2,1.3,1.4,1.5,1.6,1.7,1.8,1.9,2,2.1,2.3,2.4,2.5,2.6,2.8,2.9,3,3.2,3.3,3.5,3.6,3.8,4,4.1,4.3,4.5
tur,Turkey,1.2,1.3,1.3,1.4,1.5,1.6,1.6,1.7,1.8,1.9,2,2.1,2.2,2.3,2.4,2.5,2.6,2.7,2.8,2.9,3.1,3.2,3.3,3.4,3.6,3.7,3.9,4,4.1,4.3,4.4,4.6,4.7,4.9,5,5.2,5.3,5.5,5.7,5.8
tza,Tanzania,0.6,0.7,0.7,0.7,0.8,0.8,0.9,0.9,1,1,1.1,1.2,1.2,1.3,1.4,1.5,1.5,1.6,1.7,1.8,1.9,2,2.1,2.2,2.3,2.4,2.5,2.6,2.7,2.8,2.9,3,3.1,3.3,3.4,3.5,3.6,3.8,3.9,4
uga,Uganda,0.7,0.7,0.7,0.8,0.8,0.9,0.9,1,1,1.1,1.1,1.2,1.2,1.3,1.4,1.4,1.5,1.6,1.6,1.7,1.8,1.9,1.9,2,2.1,2.2,2.3,2.4,2.5,2.6,2.7,2.8,2.9,3,3.1,3.2,3.3,3.4,3.6,3.7
ukr,Ukraine,6.8,7,7.1,7.3,7.4,7.6,7.7,7.9,8,8.2,8.4,8.5,8.7,8.8,9,9.1,9.3,9.4,9.6,9.7,9.9,10,10.1,10.3,10.4,10.5,10.7,10.8,10.9,11.1,11.2,11.3,11.4,11.5,11.6,11.8,11.9,12,12.1,12.2
ury,Uruguay,5.2,5.3,5.4,5.6,5.7,5.8,6,6.1,6.2,6.4,6.5,6.6,6.7,6.9,7,7.1,7.3,7.4,7.5,7.6,7.8,7.9,8,8.1,8.2,8.4,8.5,8.6,8.7,8.8,9,9.1,9.2,9.3,9.4,9.5,9.7,9.8,9.9,10
usa,USA,11,11.1,11.2,11.3,11.4,11.5,11.6,11.7,11.8,11.9,11.9,12,12.1,12.2,12.3,12.3,12.4,12.5,12.5,12.6,12.7,12.7,12.8,12.9,12.9,13,13,13.1,13.1,13.2,13.3,13.3,13.4,13.4,13.4,13.5,13.5,13.6,13.6,13.7
uzb,Uzbekistan,4.9,5.1,5.3,5.4,5.6,5.8,5.9,6.1,6.3,6.5,6.6,6.8,7,7.2,7.3,7.5,7.7,7.9,8,8.2,8.4,8.6,8.7,8.9,9.1,9.2,9.4,9.5,9.7,9.9,10,10.2,10.3,10.5,10.6,10.8,10.9,11,11.2,11.3
ven,Venezuela,2.9,3,3.2,3.3,3.4,3.5,3.7,3.8,4,4.1,4.2,4.4,4.5,4.7,4.8,5,5.2,5.3,5.5,5.6,5.8,6,6.1,6.3,6.5,6.6,6.8,6.9,7.1,7.3,7.4,7.6,7.8,7.9,8.1,8.2,8.4,8.6,8.7,8.9
vnm,Vietnam,2.6,2.7,2.8,2.9,2.9,3,3.1,3.2,3.3,3.4,3.5,3.6,3.7,3.9,4,4.1,4.2,4.3,4.4,4.5,4.6,4.7,4.9,5,5.1,5.2,5.3,5.4,5.6,5.7,5.8,5.9,6,6.2,6.3,6.4,6.5,6.6,6.8,6.9
vut,Vanuatu,1.5,1.6,1.7,1.8,1.9,2,2.1,2.2,2.3,2.4,2.5,2.6,2.7,2.8,2.9,3,3.2,3.3,3.4,3.5,3.6,3.7,3.9,4,4.1,4.3,4.4,4.5,4.7,4.8,5,5.1,5.2,5.4,5.5,5.7,5.8,6,6.2,6.3
wsm,Samoa,4.3,4.5,4.7,4.9,5,5.2,5.4,5.6,5.7,5.9,6.1,6.3,6.5,6.7,6.9,7.1,7.3,7.6,7.8,8,8.2,8.4,8.6,8.9,9.1,9.3,9.5,9.7,9.9,10.1,10.3,10.5,10.7,10.9,11.1,11.3,11.5,11.7,11.8,12
yem,Yemen,0.1,0.1,0.1,0.1,0.1,0.1,0.1,0.1,0.1,0.1,0.1,0.1,0.1,0.1,0.1,0.1,0.1,0.2,0.2,0.2,0.2,0.2,0.2,0.3,0.3,0.3,0.3,0.4,0.4,0.4,0.4,0.5,0.5,0.5,0.6,0.6,0.6,0.7,0.7,0.7
zaf,South Africa,2.5,2.7,2.8,2.9,3.1,3.2,3.3,3.5,3.6,3.8,3.9,4.1,4.2,4.4,4.5,4.7,4.8,5,5.1,5.2,5.4,5.5,5.7,5.8,6,6.2,6.3,6.5,6.6,6.8,7,7.1,7.3,7.5,7.6,7.8,8,8.2,8.3,8.5
zmb,Zambia,1.1,1.2,1.2,1.3,1.4,1.4,1.5,1.6,1.6,1.7,1.8,1.9,2,2.1,2.2,2.3,2.4,2.5,2.6,2.7,2.8,2.9,3,3.1,3.2,3.3,3.4,3.6,3.7,3.8,3.9,4.1,4.2,4.3,4.5,4.6,4.8,4.9,5,5.2
zwe,Zimbabwe,1.4,1.5,1.6,1.7,1.8,1.9,2,2.1,2.2,2.3,2.4,2.5,2.7,2.8,2.9,3,3.2,3.3,3.4,3.6,3.7,3.8,4,4.1,4.3,4.4,4.6,4.7,4.9,5,5.2,5.4,5.5,5.7,5.9,6,6.2,6.4,6.6,6.7
